val_loss,epoch,step,normalization/loc,normalization/scale,fitting_loss
3.702622652053833,0,0,,,
,0,28,-0.18160980939865112,1.3691011667251587,2.9285078048706055
,1,57,,,2.7393651008605957
,2,86,,,2.743025064468384
,3,115,,,2.6991820335388184
,4,144,,,2.6966733932495117
,5,173,,,2.712677001953125
,6,202,,,2.723240852355957
,7,231,,,2.6899254322052
,8,260,,,2.6885881423950195
2.674344062805176,9,289,,,
,9,289,-0.18024760484695435,1.3761677742004395,2.6602442264556885
,10,318,,,2.689236640930176
,11,347,,,2.6824655532836914
,12,376,,,2.675450563430786
,13,405,,,2.6848487854003906
,14,434,,,2.6997902393341064
,15,463,,,2.6293070316314697
,16,492,,,2.709097385406494
,17,521,,,2.6986606121063232
,18,550,,,2.6942148208618164
2.658975839614868,19,579,,,
,19,579,-0.1778835654258728,1.393075942993164,2.692373275756836
,20,608,,,2.654952049255371
,21,637,,,2.665142059326172
,22,666,,,2.6656436920166016
,23,695,,,2.664879083633423
,24,724,,,2.6716415882110596
,25,753,,,2.637810707092285
,26,782,,,2.667019844055176
,27,811,,,2.713153839111328
,28,840,,,2.6620824337005615
2.6512649059295654,29,869,,,
,29,869,-0.17683662474155426,1.3847968578338623,2.63053035736084
,30,898,,,2.6716268062591553
,31,927,,,2.657475471496582
,32,956,,,2.6637659072875977
,33,985,,,2.6561944484710693
,34,1014,,,2.6150500774383545
,35,1043,,,2.6354329586029053
,36,1072,,,2.698485851287842
,37,1101,,,2.6744375228881836
,38,1130,,,2.6767330169677734
2.650120735168457,39,1159,,,
,39,1159,-0.18042653799057007,1.3792778253555298,2.651309013366699
,40,1188,,,2.638688564300537
,41,1217,,,2.6622135639190674
,42,1246,,,2.6558010578155518
,43,1275,,,2.648758888244629
,44,1304,,,2.665432929992676
,45,1333,,,2.6038243770599365
,46,1362,,,2.624868631362915
,47,1391,,,2.648517608642578
,48,1420,,,2.6324052810668945
2.6454451084136963,49,1449,,,
,49,1449,-0.18047703802585602,1.3757033348083496,2.6833102703094482
,50,1478,,,2.6746342182159424
,51,1507,,,2.6348230838775635
,52,1536,,,2.6418910026550293
,53,1565,,,2.6446313858032227
,54,1594,,,2.6433217525482178
,55,1623,,,2.6434524059295654
,56,1652,,,2.6522293090820312
,57,1681,,,2.673321485519409
,58,1710,,,2.69632625579834
2.643228054046631,59,1739,,,
,59,1739,-0.1825951188802719,1.3791931867599487,2.652789354324341
,60,1768,,,2.6289000511169434
,61,1797,,,2.6309378147125244
,62,1826,,,2.6313915252685547
,63,1855,,,2.663409471511841
,64,1884,,,2.625513792037964
,65,1913,,,2.624720573425293
,66,1942,,,2.672203779220581
,67,1971,,,2.6589527130126953
,68,2000,,,2.658895492553711
2.6396963596343994,69,2029,,,
,69,2029,-0.18580783903598785,1.3689836263656616,2.656059503555298
,70,2058,,,2.618123769760132
,71,2087,,,2.6214704513549805
,72,2116,,,2.640838623046875
,73,2145,,,2.6348769664764404
,74,2174,,,2.6413424015045166
,75,2203,,,2.662745237350464
,76,2232,,,2.6866259574890137
,77,2261,,,2.6375393867492676
,78,2290,,,2.646721601486206
2.635972738265991,79,2319,,,
,79,2319,-0.184144526720047,1.3812596797943115,2.639737606048584
,80,2348,,,2.635345220565796
,81,2377,,,2.652839183807373
,82,2406,,,2.6117160320281982
,83,2435,,,2.663985252380371
,84,2464,,,2.6428613662719727
,85,2493,,,2.6481223106384277
,86,2522,,,2.6495089530944824
,87,2551,,,2.6559431552886963
,88,2580,,,2.666328191757202
2.635716199874878,89,2609,,,
,89,2609,-0.17926977574825287,1.3640992641448975,2.666261911392212
,90,2638,,,2.6558008193969727
,91,2667,,,2.6733901500701904
,92,2696,,,2.6351003646850586
,93,2725,,,2.6449010372161865
,94,2754,,,2.6741127967834473
,95,2783,,,2.659897565841675
,96,2812,,,2.6148369312286377
,97,2841,,,2.6503210067749023
,98,2870,,,2.6441972255706787
2.6329870223999023,99,2899,,,
,99,2899,-0.17816096544265747,1.3815397024154663,2.6232824325561523
,100,2928,,,2.6429214477539062
,101,2957,,,2.616238594055176
,102,2986,,,2.6635043621063232
,103,3015,,,2.6345763206481934
,104,3044,,,2.6455180644989014
,105,3073,,,2.6439056396484375
,106,3102,,,2.681734085083008
,107,3131,,,2.628479242324829
,108,3160,,,2.635793447494507
2.630997657775879,109,3189,,,
,109,3189,-0.178579181432724,1.3717684745788574,2.608488082885742
,110,3218,,,2.6521012783050537
,111,3247,,,2.659360885620117
,112,3276,,,2.6685705184936523
,113,3305,,,2.6467747688293457
,114,3334,,,2.6677403450012207
,115,3363,,,2.61757493019104
,116,3392,,,2.655850410461426
,117,3421,,,2.6275601387023926
,118,3450,,,2.6614999771118164
2.629552125930786,119,3479,,,
,119,3479,-0.17892825603485107,1.3794912099838257,2.644648313522339
,120,3508,,,2.6643359661102295
,121,3537,,,2.6558034420013428
,122,3566,,,2.6262829303741455
,123,3595,,,2.581359624862671
,124,3624,,,2.620929479598999
,125,3653,,,2.6525042057037354
,126,3682,,,2.6559555530548096
,127,3711,,,2.6201605796813965
,128,3740,,,2.633190155029297
2.6285338401794434,129,3769,,,
,129,3769,-0.17724061012268066,1.3754990100860596,2.642606496810913
,130,3798,,,2.6354730129241943
,131,3827,,,2.6628735065460205
,132,3856,,,2.6555674076080322
,133,3885,,,2.6260390281677246
,134,3914,,,2.6321959495544434
,135,3943,,,2.673229217529297
,136,3972,,,2.625476121902466
,137,4001,,,2.6160478591918945
,138,4030,,,2.6434881687164307
2.628039598464966,139,4059,,,
,139,4059,-0.1748308390378952,1.3667137622833252,2.653017997741699
,140,4088,,,2.6176416873931885
,141,4117,,,2.633948564529419
,142,4146,,,2.612123489379883
,143,4175,,,2.618910074234009
,144,4204,,,2.639939785003662
,145,4233,,,2.6402618885040283
,146,4262,,,2.6079487800598145
,147,4291,,,2.660907506942749
,148,4320,,,2.6601479053497314
2.6279616355895996,149,4349,,,
,149,4349,-0.1782858967781067,1.3729400634765625,2.639679193496704
,150,4378,,,2.6501264572143555
,151,4407,,,2.596766710281372
,152,4436,,,2.6282777786254883
,153,4465,,,2.653203248977661
,154,4494,,,2.6448018550872803
,155,4523,,,2.635836362838745
,156,4552,,,2.6223630905151367
,157,4581,,,2.631484031677246
,158,4610,,,2.6435019969940186
2.6291587352752686,159,4639,,,
,159,4639,-0.1780279278755188,1.3806530237197876,2.6755268573760986
,160,4668,,,2.603257179260254
,161,4697,,,2.64486026763916
,162,4726,,,2.641395092010498
,163,4755,,,2.6347274780273438
,164,4784,,,2.650895595550537
,165,4813,,,2.597475528717041
,166,4842,,,2.6529154777526855
,167,4871,,,2.625114679336548
,168,4900,,,2.671039342880249
2.627734661102295,169,4929,,,
,169,4929,-0.17834968864917755,1.3689076900482178,2.6462314128875732
,170,4958,,,2.621471405029297
,171,4987,,,2.624849557876587
,172,5016,,,2.62863826751709
,173,5045,,,2.6214406490325928
,174,5074,,,2.648655652999878
,175,5103,,,2.652989387512207
,176,5132,,,2.6368021965026855
,177,5161,,,2.6367909908294678
,178,5190,,,2.6422781944274902
2.6243932247161865,179,5219,,,
,179,5219,-0.1794201284646988,1.3847172260284424,2.6481683254241943
,180,5248,,,2.636986494064331
,181,5277,,,2.6210291385650635
,182,5306,,,2.620819330215454
,183,5335,,,2.6387453079223633
,184,5364,,,2.629338502883911
,185,5393,,,2.6229708194732666
,186,5422,,,2.5967447757720947
,187,5451,,,2.6145966053009033
,188,5480,,,2.6241846084594727
2.6246185302734375,189,5509,,,
,189,5509,-0.18007895350456238,1.374153971672058,2.620976686477661
,190,5538,,,2.631568193435669
,191,5567,,,2.6356189250946045
,192,5596,,,2.6440980434417725
,193,5625,,,2.6438615322113037
,194,5654,,,2.640415668487549
,195,5683,,,2.6344428062438965
,196,5712,,,2.631577253341675
,197,5741,,,2.6574153900146484
,198,5770,,,2.6633870601654053
2.623199939727783,199,5799,,,
,199,5799,-0.17936426401138306,1.3657937049865723,2.653945207595825
,200,5828,,,2.6432104110717773
,201,5857,,,2.6371450424194336
,202,5886,,,2.6251509189605713
,203,5915,,,2.6177501678466797
,204,5944,,,2.6245315074920654
,205,5973,,,2.635535478591919
,206,6002,,,2.638192653656006
,207,6031,,,2.6017024517059326
,208,6060,,,2.6583967208862305
2.6199440956115723,209,6089,,,
,209,6089,-0.1797339916229248,1.3786582946777344,2.6642673015594482
,210,6118,,,2.627253770828247
,211,6147,,,2.6282529830932617
,212,6176,,,2.6602439880371094
,213,6205,,,2.6038990020751953
,214,6234,,,2.6521105766296387
,215,6263,,,2.6039085388183594
,216,6292,,,2.6148643493652344
,217,6321,,,2.6365134716033936
,218,6350,,,2.632805109024048
2.6184442043304443,219,6379,,,
,219,6379,-0.17996230721473694,1.3745814561843872,2.6039435863494873
,220,6408,,,2.59629225730896
,221,6437,,,2.6471426486968994
,222,6466,,,2.624624252319336
,223,6495,,,2.6007392406463623
,224,6524,,,2.605598211288452
,225,6553,,,2.6386969089508057
,226,6582,,,2.6094062328338623
,227,6611,,,2.652832269668579
,228,6640,,,2.640869140625
2.623208999633789,229,6669,,,
,229,6669,-0.17616385221481323,1.382036805152893,2.6081361770629883
,230,6698,,,2.605113983154297
,231,6727,,,2.6240835189819336
,232,6756,,,2.623802423477173
,233,6785,,,2.6416537761688232
,234,6814,,,2.633659601211548
,235,6843,,,2.63246488571167
,236,6872,,,2.641735315322876
,237,6901,,,2.642408609390259
,238,6930,,,2.6385695934295654
2.6197128295898438,239,6959,,,
,239,6959,-0.18062642216682434,1.3806685209274292,2.621689796447754
,240,6988,,,2.6315724849700928
,241,7017,,,2.635589838027954
,242,7046,,,2.597559690475464
,243,7075,,,2.6448655128479004
,244,7104,,,2.5951201915740967
,245,7133,,,2.6397364139556885
,246,7162,,,2.599047899246216
,247,7191,,,2.627728223800659
,248,7220,,,2.6267476081848145
2.6178600788116455,249,7249,,,
,249,7249,-0.1802714616060257,1.3774052858352661,2.641202926635742
,250,7278,,,2.623291254043579
,251,7307,,,2.628434419631958
,252,7336,,,2.639148235321045
,253,7365,,,2.6214897632598877
,254,7394,,,2.633439064025879
,255,7423,,,2.5910511016845703
,256,7452,,,2.6330251693725586
,257,7481,,,2.6193485260009766
,258,7510,,,2.6338846683502197
2.6163408756256104,259,7539,,,
,259,7539,-0.1780974268913269,1.3771451711654663,2.594611644744873
,260,7568,,,2.666105031967163
,261,7597,,,2.6121113300323486
,262,7626,,,2.6704041957855225
,263,7655,,,2.659106492996216
,264,7684,,,2.608722448348999
,265,7713,,,2.626917600631714
,266,7742,,,2.641369342803955
,267,7771,,,2.6189157962799072
,268,7800,,,2.650667428970337
2.614739418029785,269,7829,,,
,269,7829,-0.17748111486434937,1.385682225227356,2.627880096435547
,270,7858,,,2.6011476516723633
,271,7887,,,2.620345115661621
,272,7916,,,2.6620969772338867
,273,7945,,,2.6242129802703857
,274,7974,,,2.608577013015747
,275,8003,,,2.6330645084381104
,276,8032,,,2.639219284057617
,277,8061,,,2.602226495742798
,278,8090,,,2.60490083694458
2.6151857376098633,279,8119,,,
,279,8119,-0.179641991853714,1.3905974626541138,2.6085004806518555
,280,8148,,,2.6158645153045654
,281,8177,,,2.606475830078125
,282,8206,,,2.6531076431274414
,283,8235,,,2.6182782649993896
,284,8264,,,2.6401548385620117
,285,8293,,,2.611933946609497
,286,8322,,,2.6216344833374023
,287,8351,,,2.6164681911468506
,288,8380,,,2.6484482288360596
2.6167004108428955,289,8409,,,
,289,8409,-0.18210038542747498,1.3771535158157349,2.614896059036255
,290,8438,,,2.626192092895508
,291,8467,,,2.6009342670440674
,292,8496,,,2.615243434906006
,293,8525,,,2.633172035217285
,294,8554,,,2.6422195434570312
,295,8583,,,2.6390559673309326
,296,8612,,,2.6012723445892334
,297,8641,,,2.6450424194335938
,298,8670,,,2.5907392501831055
2.617682456970215,299,8699,,,
,299,8699,-0.18070009350776672,1.375500202178955,2.633356809616089
,300,8728,,,2.590702533721924
,301,8757,,,2.6494767665863037
,302,8786,,,2.6046676635742188
,303,8815,,,2.629744529724121
,304,8844,,,2.668942451477051
,305,8873,,,2.6392133235931396
,306,8902,,,2.6181046962738037
,307,8931,,,2.6383426189422607
,308,8960,,,2.5982589721679688
2.6155879497528076,309,8989,,,
,309,8989,-0.18008612096309662,1.3881539106369019,2.6379990577697754
,310,9018,,,2.649427890777588
,311,9047,,,2.594479560852051
,312,9076,,,2.616460084915161
,313,9105,,,2.614743947982788
,314,9134,,,2.6123781204223633
,315,9163,,,2.6019885540008545
,316,9192,,,2.6170153617858887
,317,9221,,,2.594649076461792
,318,9250,,,2.630542516708374
2.6125314235687256,319,9279,,,
,319,9279,-0.18170401453971863,1.3874820470809937,2.6184937953948975
,320,9308,,,2.617579460144043
,321,9337,,,2.63425350189209
,322,9366,,,2.6187374591827393
,323,9395,,,2.587869644165039
,324,9424,,,2.625502586364746
,325,9453,,,2.652052402496338
,326,9482,,,2.6362648010253906
,327,9511,,,2.6285085678100586
,328,9540,,,2.6301000118255615
2.6133875846862793,329,9569,,,
,329,9569,-0.18136563897132874,1.3755441904067993,2.621500253677368
,330,9598,,,2.6326093673706055
,331,9627,,,2.61421537399292
,332,9656,,,2.6384410858154297
,333,9685,,,2.614098072052002
,334,9714,,,2.6528000831604004
,335,9743,,,2.6204679012298584
,336,9772,,,2.5963521003723145
,337,9801,,,2.660773277282715
,338,9830,,,2.631141424179077
2.611929178237915,339,9859,,,
,339,9859,-0.18115384876728058,1.3758306503295898,2.5998923778533936
,340,9888,,,2.6165859699249268
,341,9917,,,2.6485707759857178
,342,9946,,,2.645779848098755
,343,9975,,,2.633923053741455
,344,10004,,,2.6137003898620605
,345,10033,,,2.6036479473114014
,346,10062,,,2.5988929271698
,347,10091,,,2.607727527618408
,348,10120,,,2.6254100799560547
2.613528251647949,349,10149,,,
,349,10149,-0.1794033795595169,1.3775591850280762,2.636885643005371
,350,10178,,,2.6088199615478516
,351,10207,,,2.650287628173828
,352,10236,,,2.60456919670105
,353,10265,,,2.5782179832458496
,354,10294,,,2.62214732170105
,355,10323,,,2.5867509841918945
,356,10352,,,2.6351118087768555
,357,10381,,,2.6259353160858154
,358,10410,,,2.6127586364746094
2.615790367126465,359,10439,,,
,359,10439,-0.17776694893836975,1.360738754272461,2.63101863861084
,360,10468,,,2.626621961593628
,361,10497,,,2.6503360271453857
,362,10526,,,2.6205344200134277
,363,10555,,,2.6248388290405273
,364,10584,,,2.634798049926758
,365,10613,,,2.6018590927124023
,366,10642,,,2.639103889465332
,367,10671,,,2.652031183242798
,368,10700,,,2.57240891456604
2.613752603530884,369,10729,,,
,369,10729,-0.17844563722610474,1.3823429346084595,2.632267475128174
,370,10758,,,2.6437699794769287
,371,10787,,,2.610593318939209
,372,10816,,,2.6233153343200684
,373,10845,,,2.6258490085601807
,374,10874,,,2.580343008041382
,375,10903,,,2.6554718017578125
,376,10932,,,2.607487678527832
,377,10961,,,2.619328498840332
,378,10990,,,2.6195409297943115
2.6131432056427,379,11019,,,
,379,11019,-0.17818476259708405,1.3800612688064575,2.6084394454956055
,380,11048,,,2.6321122646331787
,381,11077,,,2.601417064666748
,382,11106,,,2.6113483905792236
,383,11135,,,2.6396703720092773
,384,11164,,,2.612766742706299
,385,11193,,,2.6518964767456055
,386,11222,,,2.608250617980957
,387,11251,,,2.6304538249969482
,388,11280,,,2.65169620513916
2.609898567199707,389,11309,,,
,389,11309,-0.17882530391216278,1.3735612630844116,2.6359457969665527
,390,11338,,,2.635836124420166
,391,11367,,,2.6051337718963623
,392,11396,,,2.6231606006622314
,393,11425,,,2.6332297325134277
,394,11454,,,2.6421689987182617
,395,11483,,,2.6079254150390625
,396,11512,,,2.6401524543762207
,397,11541,,,2.6009533405303955
,398,11570,,,2.6065824031829834
2.6123688220977783,399,11599,,,
,399,11599,-0.17796529829502106,1.37736976146698,2.6496317386627197
,400,11628,,,2.598191261291504
,401,11657,,,2.6168346405029297
,402,11686,,,2.590594530105591
,403,11715,,,2.6034390926361084
,404,11744,,,2.6457695960998535
,405,11773,,,2.596059560775757
,406,11802,,,2.5935521125793457
,407,11831,,,2.6356401443481445
,408,11860,,,2.612630844116211
2.610358238220215,409,11889,,,
,409,11889,-0.17706334590911865,1.3815832138061523,2.61116361618042
,410,11918,,,2.632662296295166
,411,11947,,,2.5918800830841064
,412,11976,,,2.6163415908813477
,413,12005,,,2.6176950931549072
,414,12034,,,2.626833915710449
,415,12063,,,2.6113603115081787
,416,12092,,,2.6252899169921875
,417,12121,,,2.578462839126587
,418,12150,,,2.6291234493255615
2.6096792221069336,419,12179,,,
,419,12179,-0.1770169883966446,1.3814009428024292,2.565706253051758
,420,12208,,,2.6198697090148926
,421,12237,,,2.649077892303467
,422,12266,,,2.6021389961242676
,423,12295,,,2.6167421340942383
,424,12324,,,2.6135919094085693
,425,12353,,,2.636579751968384
,426,12382,,,2.6338257789611816
,427,12411,,,2.6547350883483887
,428,12440,,,2.6522297859191895
2.608085870742798,429,12469,,,
,429,12469,-0.17647400498390198,1.3673466444015503,2.585664987564087
,430,12498,,,2.592603921890259
,431,12527,,,2.606696367263794
,432,12556,,,2.623950481414795
,433,12585,,,2.628340244293213
,434,12614,,,2.606527805328369
,435,12643,,,2.6159563064575195
,436,12672,,,2.61651611328125
,437,12701,,,2.592339038848877
,438,12730,,,2.609403371810913
2.6106767654418945,439,12759,,,
,439,12759,-0.17752470076084137,1.376682996749878,2.61246657371521
,440,12788,,,2.611626625061035
,441,12817,,,2.6372480392456055
,442,12846,,,2.5797529220581055
,443,12875,,,2.6297085285186768
,444,12904,,,2.603170871734619
,445,12933,,,2.640993118286133
,446,12962,,,2.6199429035186768
,447,12991,,,2.6379480361938477
,448,13020,,,2.6229257583618164
2.609138011932373,449,13049,,,
,449,13049,-0.1776067018508911,1.3815064430236816,2.601095676422119
,450,13078,,,2.604625701904297
,451,13107,,,2.634894847869873
,452,13136,,,2.598423480987549
,453,13165,,,2.5888495445251465
,454,13194,,,2.6216273307800293
,455,13223,,,2.5891497135162354
,456,13252,,,2.6392157077789307
,457,13281,,,2.6342906951904297
,458,13310,,,2.637586832046509
2.6098828315734863,459,13339,,,
,459,13339,-0.1781609207391739,1.3838399648666382,2.582977056503296
,460,13368,,,2.6323821544647217
,461,13397,,,2.5814576148986816
,462,13426,,,2.618779182434082
,463,13455,,,2.6155734062194824
,464,13484,,,2.6250898838043213
,465,13513,,,2.6164495944976807
,466,13542,,,2.619481086730957
,467,13571,,,2.618762969970703
,468,13600,,,2.6329703330993652
2.6091866493225098,469,13629,,,
,469,13629,-0.17757683992385864,1.3706978559494019,2.6309239864349365
,470,13658,,,2.597472667694092
,471,13687,,,2.6232125759124756
,472,13716,,,2.626917600631714
,473,13745,,,2.6395535469055176
,474,13774,,,2.6326727867126465
,475,13803,,,2.597573757171631
,476,13832,,,2.6176257133483887
,477,13861,,,2.5828676223754883
,478,13890,,,2.5938730239868164
2.60811185836792,479,13919,,,
,479,13919,-0.17789728939533234,1.3809659481048584,2.6225662231445312
,480,13948,,,2.609361171722412
,481,13977,,,2.63751482963562
,482,14006,,,2.591671943664551
,483,14035,,,2.6070823669433594
,484,14064,,,2.6264569759368896
,485,14093,,,2.5928051471710205
,486,14122,,,2.561014413833618
,487,14151,,,2.593747138977051
,488,14180,,,2.6240150928497314
2.6079063415527344,489,14209,,,
,489,14209,-0.17692913115024567,1.3803008794784546,2.612445831298828
,490,14238,,,2.6091809272766113
,491,14267,,,2.6077470779418945
,492,14296,,,2.6280436515808105
,493,14325,,,2.600877523422241
,494,14354,,,2.642603874206543
,495,14383,,,2.6121304035186768
,496,14412,,,2.6298093795776367
,497,14441,,,2.608743906021118
,498,14470,,,2.630040407180786
2.607527256011963,499,14499,,,
,499,14499,-0.17722266912460327,1.388014316558838,2.6317641735076904
,500,14528,,,2.6167712211608887
,501,14557,,,2.6141951084136963
,502,14586,,,2.6391043663024902
,503,14615,,,2.607419013977051
,504,14644,,,2.61071515083313
,505,14673,,,2.6220571994781494
,506,14702,,,2.565918445587158
,507,14731,,,2.6257429122924805
,508,14760,,,2.6167097091674805
2.606445550918579,509,14789,,,
,509,14789,-0.1784413605928421,1.3644448518753052,2.6093368530273438
,510,14818,,,2.613675355911255
,511,14847,,,2.635190486907959
,512,14876,,,2.603700876235962
,513,14905,,,2.599562883377075
,514,14934,,,2.591752052307129
,515,14963,,,2.6242568492889404
,516,14992,,,2.6002869606018066
,517,15021,,,2.5898516178131104
,518,15050,,,2.657303810119629
2.6057653427124023,519,15079,,,
,519,15079,-0.1765083372592926,1.3687294721603394,2.59652042388916
,520,15108,,,2.6385984420776367
,521,15137,,,2.605353832244873
,522,15166,,,2.623312473297119
,523,15195,,,2.6250293254852295
,524,15224,,,2.6117753982543945
,525,15253,,,2.6112618446350098
,526,15282,,,2.643486976623535
,527,15311,,,2.63955020904541
,528,15340,,,2.613579511642456
2.6052560806274414,529,15369,,,
,529,15369,-0.17769813537597656,1.386580467224121,2.57956862449646
,530,15398,,,2.619805335998535
,531,15427,,,2.596774101257324
,532,15456,,,2.612973213195801
,533,15485,,,2.600168466567993
,534,15514,,,2.631124258041382
,535,15543,,,2.6109986305236816
,536,15572,,,2.6237852573394775
,537,15601,,,2.606935739517212
,538,15630,,,2.634582042694092
2.6063220500946045,539,15659,,,
,539,15659,-0.17884355783462524,1.3851855993270874,2.598222494125366
,540,15688,,,2.622673749923706
,541,15717,,,2.5615668296813965
,542,15746,,,2.6393589973449707
,543,15775,,,2.615954875946045
,544,15804,,,2.5876855850219727
,545,15833,,,2.6154050827026367
,546,15862,,,2.6113555431365967
,547,15891,,,2.613839626312256
,548,15920,,,2.5898008346557617
2.604498863220215,549,15949,,,
,549,15949,-0.17944496870040894,1.3704286813735962,2.5878045558929443
,550,15978,,,2.6146483421325684
,551,16007,,,2.610989809036255
,552,16036,,,2.6198151111602783
,553,16065,,,2.570047378540039
,554,16094,,,2.6199731826782227
,555,16123,,,2.608715534210205
,556,16152,,,2.6464171409606934
,557,16181,,,2.605786085128784
,558,16210,,,2.582810878753662
2.6041271686553955,559,16239,,,
,559,16239,-0.17739267647266388,1.3807367086410522,2.582763433456421
,560,16268,,,2.6173617839813232
,561,16297,,,2.618074655532837
,562,16326,,,2.6549065113067627
,563,16355,,,2.6098647117614746
,564,16384,,,2.6385128498077393
,565,16413,,,2.611964225769043
,566,16442,,,2.5989179611206055
,567,16471,,,2.5947070121765137
,568,16500,,,2.595484733581543
2.605198860168457,569,16529,,,
,569,16529,-0.1796978861093521,1.371975064277649,2.591205596923828
,570,16558,,,2.614093780517578
,571,16587,,,2.597097158432007
,572,16616,,,2.6175377368927
,573,16645,,,2.625887632369995
,574,16674,,,2.5830025672912598
,575,16703,,,2.6043941974639893
,576,16732,,,2.6150827407836914
,577,16761,,,2.6194334030151367
,578,16790,,,2.628741979598999
2.604736089706421,579,16819,,,
,579,16819,-0.1775570958852768,1.3667495250701904,2.6283466815948486
,580,16848,,,2.6547911167144775
,581,16877,,,2.620615243911743
,582,16906,,,2.624612331390381
,583,16935,,,2.6209716796875
,584,16964,,,2.6336729526519775
,585,16993,,,2.613618850708008
,586,17022,,,2.631178140640259
,587,17051,,,2.6343889236450195
,588,17080,,,2.6297786235809326
2.604776620864868,589,17109,,,
,589,17109,-0.1747927963733673,1.3755700588226318,2.613770008087158
,590,17138,,,2.605963706970215
,591,17167,,,2.6209352016448975
,592,17196,,,2.577812433242798
,593,17225,,,2.614175796508789
,594,17254,,,2.607945442199707
,595,17283,,,2.5991933345794678
,596,17312,,,2.6216607093811035
,597,17341,,,2.5981884002685547
,598,17370,,,2.609433650970459
2.6032869815826416,599,17399,,,
,599,17399,-0.1765548586845398,1.3855605125427246,2.573798656463623
,600,17428,,,2.604800224304199
,601,17457,,,2.6386449337005615
,602,17486,,,2.6151177883148193
,603,17515,,,2.6209418773651123
,604,17544,,,2.5893263816833496
,605,17573,,,2.6212356090545654
,606,17602,,,2.6080424785614014
,607,17631,,,2.599687337875366
,608,17660,,,2.6446750164031982
2.602614402770996,609,17689,,,
,609,17689,-0.17752133309841156,1.3782680034637451,2.6126508712768555
,610,17718,,,2.627713203430176
,611,17747,,,2.60037899017334
,612,17776,,,2.5897505283355713
,613,17805,,,2.624992847442627
,614,17834,,,2.613346815109253
,615,17863,,,2.6250033378601074
,616,17892,,,2.5805530548095703
,617,17921,,,2.632913112640381
,618,17950,,,2.6002018451690674
2.6027421951293945,619,17979,,,
,619,17979,-0.17864732444286346,1.372130274772644,2.6041479110717773
,620,18008,,,2.6160969734191895
,621,18037,,,2.64947247505188
,622,18066,,,2.5984835624694824
,623,18095,,,2.636841297149658
,624,18124,,,2.602426052093506
,625,18153,,,2.6137235164642334
,626,18182,,,2.6315741539001465
,627,18211,,,2.6364426612854004
,628,18240,,,2.606951951980591
2.6030492782592773,629,18269,,,
,629,18269,-0.1786676049232483,1.376582384109497,2.6149349212646484
,630,18298,,,2.6114790439605713
,631,18327,,,2.6125059127807617
,632,18356,,,2.581111192703247
,633,18385,,,2.6515920162200928
,634,18414,,,2.6232337951660156
,635,18443,,,2.589923143386841
,636,18472,,,2.6385889053344727
,637,18501,,,2.6576671600341797
,638,18530,,,2.6200931072235107
2.601548194885254,639,18559,,,
,639,18559,-0.1775873452425003,1.369799256324768,2.6193766593933105
,640,18588,,,2.6465437412261963
,641,18617,,,2.6179616451263428
,642,18646,,,2.6452784538269043
,643,18675,,,2.6089489459991455
,644,18704,,,2.5840344429016113
,645,18733,,,2.610650062561035
,646,18762,,,2.6229872703552246
,647,18791,,,2.5700807571411133
,648,18820,,,2.63076114654541
2.6039421558380127,649,18849,,,
,649,18849,-0.1764090359210968,1.3716176748275757,2.578335762023926
,650,18878,,,2.5802083015441895
,651,18907,,,2.607347249984741
,652,18936,,,2.6008667945861816
,653,18965,,,2.610560178756714
,654,18994,,,2.564729690551758
,655,19023,,,2.6160268783569336
,656,19052,,,2.6175730228424072
,657,19081,,,2.617173433303833
,658,19110,,,2.609407663345337
2.6009774208068848,659,19139,,,
,659,19139,-0.17657357454299927,1.373579740524292,2.5964555740356445
,660,19168,,,2.6029953956604004
,661,19197,,,2.650162935256958
,662,19226,,,2.630162477493286
,663,19255,,,2.611921548843384
,664,19284,,,2.6107096672058105
,665,19313,,,2.647296905517578
,666,19342,,,2.6120266914367676
,667,19371,,,2.6583924293518066
,668,19400,,,2.604973316192627
2.6013171672821045,669,19429,,,
,669,19429,-0.17784219980239868,1.3780417442321777,2.590277910232544
,670,19458,,,2.5820577144622803
,671,19487,,,2.6146557331085205
,672,19516,,,2.612307548522949
,673,19545,,,2.589151382446289
,674,19574,,,2.6127068996429443
,675,19603,,,2.6028170585632324
,676,19632,,,2.586562156677246
,677,19661,,,2.562741756439209
,678,19690,,,2.6096203327178955
2.601720094680786,679,19719,,,
,679,19719,-0.17802070081233978,1.3816912174224854,2.650541067123413
,680,19748,,,2.5729010105133057
,681,19777,,,2.5884881019592285
,682,19806,,,2.5903382301330566
,683,19835,,,2.575228691101074
,684,19864,,,2.6109471321105957
,685,19893,,,2.6008355617523193
,686,19922,,,2.6373543739318848
,687,19951,,,2.6135473251342773
,688,19980,,,2.6429316997528076
2.6012990474700928,689,20009,,,
,689,20009,-0.1771724373102188,1.3940956592559814,2.618363380432129
,690,20038,,,2.5796945095062256
,691,20067,,,2.6316139698028564
,692,20096,,,2.5778989791870117
,693,20125,,,2.624303102493286
,694,20154,,,2.583789348602295
,695,20183,,,2.6189181804656982
,696,20212,,,2.622706890106201
,697,20241,,,2.6229119300842285
,698,20270,,,2.6437134742736816
2.601680278778076,699,20299,,,
,699,20299,-0.176892951130867,1.3686296939849854,2.6165056228637695
,700,20328,,,2.6034600734710693
,701,20357,,,2.5945560932159424
,702,20386,,,2.611211061477661
,703,20415,,,2.636803388595581
,704,20444,,,2.5981712341308594
,705,20473,,,2.616377353668213
,706,20502,,,2.59873366355896
,707,20531,,,2.61427903175354
,708,20560,,,2.5831637382507324
2.600794792175293,709,20589,,,
,709,20589,-0.17862720787525177,1.3762426376342773,2.5772311687469482
,710,20618,,,2.5847153663635254
,711,20647,,,2.6175670623779297
,712,20676,,,2.6051700115203857
,713,20705,,,2.609679937362671
,714,20734,,,2.616935968399048
,715,20763,,,2.5987980365753174
,716,20792,,,2.6109459400177
,717,20821,,,2.584388256072998
,718,20850,,,2.5982718467712402
2.60192608833313,719,20879,,,
,719,20879,-0.1789928823709488,1.3796476125717163,2.5996761322021484
,720,20908,,,2.6179418563842773
,721,20937,,,2.612560749053955
,722,20966,,,2.620450019836426
,723,20995,,,2.6164135932922363
,724,21024,,,2.59151029586792
,725,21053,,,2.58782696723938
,726,21082,,,2.597444534301758
,727,21111,,,2.6302709579467773
,728,21140,,,2.61690354347229
2.6028618812561035,729,21169,,,
,729,21169,-0.17877048254013062,1.3856412172317505,2.574028730392456
,730,21198,,,2.5948426723480225
,731,21227,,,2.6304783821105957
,732,21256,,,2.5625033378601074
,733,21285,,,2.6127984523773193
,734,21314,,,2.5850117206573486
,735,21343,,,2.6221206188201904
,736,21372,,,2.6155500411987305
,737,21401,,,2.625486135482788
,738,21430,,,2.5924594402313232
2.5996580123901367,739,21459,,,
,739,21459,-0.1793334037065506,1.376737356185913,2.5888025760650635
,740,21488,,,2.5826807022094727
,741,21517,,,2.5960886478424072
,742,21546,,,2.620407819747925
,743,21575,,,2.5867018699645996
,744,21604,,,2.620619297027588
,745,21633,,,2.584028482437134
,746,21662,,,2.6163735389709473
,747,21691,,,2.5638341903686523
,748,21720,,,2.6160337924957275
2.6015524864196777,749,21749,,,
,749,21749,-0.17914551496505737,1.3850823640823364,2.602753162384033
,750,21778,,,2.61407470703125
,751,21807,,,2.629446029663086
,752,21836,,,2.6104421615600586
,753,21865,,,2.637174606323242
,754,21894,,,2.613154411315918
,755,21923,,,2.57033109664917
,756,21952,,,2.591925859451294
,757,21981,,,2.6134090423583984
,758,22010,,,2.5936098098754883
2.6005382537841797,759,22039,,,
,759,22039,-0.17894530296325684,1.3759119510650635,2.5966389179229736
,760,22068,,,2.6108486652374268
,761,22097,,,2.6244821548461914
,762,22126,,,2.578118324279785
,763,22155,,,2.604321002960205
,764,22184,,,2.588252305984497
,765,22213,,,2.64741849899292
,766,22242,,,2.58729887008667
,767,22271,,,2.5808751583099365
,768,22300,,,2.6246299743652344
2.5992777347564697,769,22329,,,
,769,22329,-0.17842213809490204,1.3772528171539307,2.611008882522583
,770,22358,,,2.5778491497039795
,771,22387,,,2.6162917613983154
,772,22416,,,2.624196767807007
,773,22445,,,2.601978063583374
,774,22474,,,2.5995147228240967
,775,22503,,,2.6101579666137695
,776,22532,,,2.6147470474243164
,777,22561,,,2.637155294418335
,778,22590,,,2.640490770339966
2.598630666732788,779,22619,,,
,779,22619,-0.17747901380062103,1.378699779510498,2.6164863109588623
,780,22648,,,2.6125710010528564
,781,22677,,,2.599821090698242
,782,22706,,,2.5868122577667236
,783,22735,,,2.608053207397461
,784,22764,,,2.5589828491210938
,785,22793,,,2.6114377975463867
,786,22822,,,2.6257412433624268
,787,22851,,,2.607184410095215
,788,22880,,,2.627755880355835
2.5999860763549805,789,22909,,,
,789,22909,-0.17778843641281128,1.3725723028182983,2.5962774753570557
,790,22938,,,2.577120542526245
,791,22967,,,2.6143274307250977
,792,22996,,,2.6214656829833984
,793,23025,,,2.6392345428466797
,794,23054,,,2.5742602348327637
,795,23083,,,2.6380865573883057
,796,23112,,,2.6347320079803467
,797,23141,,,2.6276638507843018
,798,23170,,,2.5884876251220703
2.599600315093994,799,23199,,,
,799,23199,-0.1765734851360321,1.3785783052444458,2.6090710163116455
,800,23228,,,2.579312801361084
,801,23257,,,2.62316632270813
,802,23286,,,2.606472969055176
,803,23315,,,2.6388683319091797
,804,23344,,,2.6434290409088135
,805,23373,,,2.6246087551116943
,806,23402,,,2.5842621326446533
,807,23431,,,2.593740701675415
,808,23460,,,2.617666721343994
2.6011953353881836,809,23489,,,
,809,23489,-0.1774308681488037,1.3773950338363647,2.5840044021606445
,810,23518,,,2.5837507247924805
,811,23547,,,2.6457855701446533
,812,23576,,,2.6143710613250732
,813,23605,,,2.6392855644226074
,814,23634,,,2.6205761432647705
,815,23663,,,2.6375033855438232
,816,23692,,,2.6314313411712646
,817,23721,,,2.592660903930664
,818,23750,,,2.589299201965332
2.5990188121795654,819,23779,,,
,819,23779,-0.1783953756093979,1.3863739967346191,2.670811653137207
,820,23808,,,2.6312150955200195
,821,23837,,,2.6187286376953125
,822,23866,,,2.6113593578338623
,823,23895,,,2.623966932296753
,824,23924,,,2.5874948501586914
,825,23953,,,2.6013550758361816
,826,23982,,,2.612762451171875
,827,24011,,,2.6041371822357178
,828,24040,,,2.5940282344818115
2.5988500118255615,829,24069,,,
,829,24069,-0.17857690155506134,1.3744364976882935,2.5984373092651367
,830,24098,,,2.5865354537963867
,831,24127,,,2.580054521560669
,832,24156,,,2.606428384780884
,833,24185,,,2.633573293685913
,834,24214,,,2.6235177516937256
,835,24243,,,2.607518196105957
,836,24272,,,2.584101915359497
,837,24301,,,2.594040870666504
,838,24330,,,2.620013475418091
2.599059820175171,839,24359,,,
,839,24359,-0.18013998866081238,1.3654675483703613,2.640353202819824
,840,24388,,,2.6094915866851807
,841,24417,,,2.6025102138519287
,842,24446,,,2.6150708198547363
,843,24475,,,2.56527042388916
,844,24504,,,2.5829923152923584
,845,24533,,,2.6415023803710938
,846,24562,,,2.60233736038208
,847,24591,,,2.6171560287475586
,848,24620,,,2.589690685272217
2.6013059616088867,849,24649,,,
,849,24649,-0.17816433310508728,1.3864482641220093,2.628916025161743
,850,24678,,,2.604037284851074
,851,24707,,,2.6001381874084473
,852,24736,,,2.591573476791382
,853,24765,,,2.6151275634765625
,854,24794,,,2.62408709526062
,855,24823,,,2.5736942291259766
,856,24852,,,2.574376106262207
,857,24881,,,2.615504503250122
,858,24910,,,2.6286544799804688
2.59993314743042,859,24939,,,
,859,24939,-0.17849066853523254,1.3816150426864624,2.613837242126465
,860,24968,,,2.629817008972168
,861,24997,,,2.5973007678985596
,862,25026,,,2.610401153564453
,863,25055,,,2.6028831005096436
,864,25084,,,2.587278366088867
,865,25113,,,2.5933306217193604
,866,25142,,,2.6021811962127686
,867,25171,,,2.6237008571624756
,868,25200,,,2.620100736618042
2.6020455360412598,869,25229,,,
,869,25229,-0.17881253361701965,1.382300853729248,2.6244313716888428
,870,25258,,,2.6391639709472656
,871,25287,,,2.6130833625793457
,872,25316,,,2.653125047683716
,873,25345,,,2.5796725749969482
,874,25374,,,2.6152079105377197
,875,25403,,,2.6015443801879883
,876,25432,,,2.602121353149414
,877,25461,,,2.6003081798553467
,878,25490,,,2.614985466003418
2.597515344619751,879,25519,,,
,879,25519,-0.17737479507923126,1.3705198764801025,2.6079514026641846
,880,25548,,,2.627406120300293
,881,25577,,,2.619898557662964
,882,25606,,,2.63387393951416
,883,25635,,,2.6189827919006348
,884,25664,,,2.587484359741211
,885,25693,,,2.592658042907715
,886,25722,,,2.5851616859436035
,887,25751,,,2.606943368911743
,888,25780,,,2.6069610118865967
2.597118616104126,889,25809,,,
,889,25809,-0.17733684182167053,1.3645106554031372,2.5863401889801025
,890,25838,,,2.5955934524536133
,891,25867,,,2.5801141262054443
,892,25896,,,2.5948550701141357
,893,25925,,,2.6506216526031494
,894,25954,,,2.58329701423645
,895,25983,,,2.6040775775909424
,896,26012,,,2.629206418991089
,897,26041,,,2.6482481956481934
,898,26070,,,2.6040127277374268
2.5984914302825928,899,26099,,,
,899,26099,-0.1778981238603592,1.3744558095932007,2.6117970943450928
,900,26128,,,2.585724353790283
,901,26157,,,2.6257271766662598
,902,26186,,,2.612654209136963
,903,26215,,,2.5871012210845947
,904,26244,,,2.612058639526367
,905,26273,,,2.612901210784912
,906,26302,,,2.6001715660095215
,907,26331,,,2.6198477745056152
,908,26360,,,2.6101765632629395
2.597194194793701,909,26389,,,
,909,26389,-0.17803017795085907,1.3721553087234497,2.627474308013916
,910,26418,,,2.6023921966552734
,911,26447,,,2.610344886779785
,912,26476,,,2.611173391342163
,913,26505,,,2.6034014225006104
,914,26534,,,2.6061134338378906
,915,26563,,,2.5869781970977783
,916,26592,,,2.6285018920898438
,917,26621,,,2.592196464538574
,918,26650,,,2.6239936351776123
2.596898317337036,919,26679,,,
,919,26679,-0.17724397778511047,1.382962703704834,2.5557339191436768
,920,26708,,,2.62783145904541
,921,26737,,,2.598158836364746
,922,26766,,,2.592475175857544
,923,26795,,,2.596736192703247
,924,26824,,,2.6277191638946533
,925,26853,,,2.610001564025879
,926,26882,,,2.597336769104004
,927,26911,,,2.6024961471557617
,928,26940,,,2.585017204284668
2.5965914726257324,929,26969,,,
,929,26969,-0.17821046710014343,1.3890694379806519,2.6123733520507812
,930,26998,,,2.6331257820129395
,931,27027,,,2.5863142013549805
,932,27056,,,2.6334805488586426
,933,27085,,,2.6100170612335205
,934,27114,,,2.6411843299865723
,935,27143,,,2.609663963317871
,936,27172,,,2.6036295890808105
,937,27201,,,2.647472620010376
,938,27230,,,2.6046149730682373
2.5964879989624023,939,27259,,,
,939,27259,-0.17890377342700958,1.3827500343322754,2.5767288208007812
,940,27288,,,2.6416783332824707
,941,27317,,,2.6339685916900635
,942,27346,,,2.6119942665100098
,943,27375,,,2.571549654006958
,944,27404,,,2.618313789367676
,945,27433,,,2.5917856693267822
,946,27462,,,2.5889029502868652
,947,27491,,,2.5816125869750977
,948,27520,,,2.559791326522827
2.5959272384643555,949,27549,,,
,949,27549,-0.17762775719165802,1.3838392496109009,2.6417593955993652
,950,27578,,,2.6167445182800293
,951,27607,,,2.5938429832458496
,952,27636,,,2.583510398864746
,953,27665,,,2.6146247386932373
,954,27694,,,2.596796989440918
,955,27723,,,2.5730836391448975
,956,27752,,,2.6053996086120605
,957,27781,,,2.5881264209747314
,958,27810,,,2.5863728523254395
2.5977466106414795,959,27839,,,
,959,27839,-0.17682653665542603,1.3813539743423462,2.6118152141571045
,960,27868,,,2.641693115234375
,961,27897,,,2.606581687927246
,962,27926,,,2.622211217880249
,963,27955,,,2.5758216381073
,964,27984,,,2.5890157222747803
,965,28013,,,2.5849876403808594
,966,28042,,,2.622178316116333
,967,28071,,,2.6119494438171387
,968,28100,,,2.5931448936462402
2.5960819721221924,969,28129,,,
,969,28129,-0.17928814888000488,1.370320439338684,2.605557441711426
,970,28158,,,2.5919904708862305
,971,28187,,,2.6088056564331055
,972,28216,,,2.5792858600616455
,973,28245,,,2.6132490634918213
,974,28274,,,2.577458381652832
,975,28303,,,2.579310178756714
,976,28332,,,2.621819496154785
,977,28361,,,2.6035587787628174
,978,28390,,,2.5946619510650635
2.596683979034424,979,28419,,,
,979,28419,-0.17841413617134094,1.374133586883545,2.589958667755127
,980,28448,,,2.6158812046051025
,981,28477,,,2.5992355346679688
,982,28506,,,2.6173012256622314
,983,28535,,,2.574479103088379
,984,28564,,,2.62935471534729
,985,28593,,,2.594871759414673
,986,28622,,,2.5807301998138428
,987,28651,,,2.6045796871185303
,988,28680,,,2.5838003158569336
2.595567464828491,989,28709,,,
,989,28709,-0.17774850130081177,1.3654061555862427,2.573248863220215
,990,28738,,,2.600064516067505
,991,28767,,,2.598736047744751
,992,28796,,,2.629587173461914
,993,28825,,,2.5724830627441406
,994,28854,,,2.5893537998199463
,995,28883,,,2.613986015319824
,996,28912,,,2.5690536499023438
,997,28941,,,2.591036558151245
,998,28970,,,2.5927019119262695
2.5946555137634277,999,28999,,,
,999,28999,-0.17700791358947754,1.3660991191864014,2.615516185760498
